dt,svm,rf,bt
0.333333333333,0.333333333333,0.5,0.333333333333
0.5,0.333333333333,0.5,0.5
0.666666666667,0.166666666667,0.666666666667,0.666666666667
